epoch,stage,loss_deblur,loss_repair,loss_total,psnr_gopro,ssim_gopro,psnr_uhd,ssim_uhd
0,stage1,0.028824,0.000000,0.048569,26.2071,0.9786,0.0000,0.0000
1,stage1,0.039172,0.000000,0.036729,26.1144,0.9757,0.0000,0.0000
2,stage1,0.037695,0.000000,0.033120,27.5047,0.9811,0.0000,0.0000
