epoch,stage,loss_deblur,loss_repair,loss_total,psnr_gopro,ssim_gopro,psnr_uhd,ssim_uhd
0,stage1,0.028824,0.000000,0.048569,26.2071,0.9786,0.0000,0.0000
1,stage1,0.039172,0.000000,0.036729,26.1144,0.9757,0.0000,0.0000
2,stage1,0.037695,0.000000,0.033120,27.5047,0.9811,0.0000,0.0000
3,stage1,0.027957,0.000000,0.045363,27.3844,0.9817,0.0000,0.0000
4,stage1,0.035498,0.000000,0.033630,26.3950,0.9800,0.0000,0.0000
5,stage1,0.020249,0.000000,0.032503,27.4046,0.9813,0.0000,0.0000
